ej	tipo	numero	do	cliente	ref_cliente	destinacion	fecha	descripcion
26	GMCE	26-GMCE-001153		AGROBAG SRL	TGL FOODS S.A. FCE 01000-00000001	26001EC01061709L	07/09/2026	 
26	GMCE	26-GMCE-001145		CRUX MARINE SAS 	FCE-4-51_AEROMARINE	26001EC01059737T	31/08/2026	EXPORT TERRESTRE CONSOLIDADA CON BATERIAS DE LITIO, DESTINO: URUGUAY
26	GMCE	26-GMCE-001132		ENTRE EDITORES SRL	EXPO COLOMBIA EDICIONES MONSERRATE	26001EC01058134J	25/08/2026	FCE 00006-00000001 Envío Marítimo Colombia26001 EC01 058134 J 2bultos kg:597,000 Canal Rojo
26	GMCE	26-GMCE-001118		EDICIONES LEA S.A.	EXPO PENGUIN RANDOM HOUSE FCE 0005-00000483	26001EC01053466M	05/08/2026	 
26	GMCE	26-GMCE-001116		MISIONEROS CLARETIANOS O HIJOS DEL 	FE52-00000010 Ediciones Paulin	26001EC01053624X	06/08/2026	Exportación martítima consolidada.Gestión Forward Ediciones Paulinas Guadalajara SA DE CV  34 cajas  Kg Bruto 860 Kg Neto 833
26	GMCE	26-GMCE-001099		FRIUL TRADE SA	EXPO PY VILUX SA FCE 00004-00000003	26001EC01051530C	29/07/2026	 
26	GMCE	26-GMCE-001098		A Z EDITORA S.A.	EXPO CHILE EMPRESA EDITORA ZIGZAG FCE 00998-00000185	26001EC01050912F	27/07/2026	Exportación consolidada a Chile. Tte. Logística Lerol. Bultos: 3 pallets kg Bruto 1698. Canal Verde 26001EC01050912F.
26	GMCE	26-GMCE-001080		MARTIN EDUARDO	EXPORTACION A PARAGUAY_FCE-00004-00000005	26001EC01048270J	16/07/2026	EXPORTACION TERRESTRE CONSOLIDADA COMPRADOR: COMFAR SAECA
26	GMCE	26-GMCE-001076		SOCIEDAD DE SAN PABLO	EXPO PERU FCE 00915-00000079	26001EC01060178K	01/09/2026	 
26	GMCE	26-GMCE-001075		MISIONEROS CLARETIANOS O HIJOS DEL 	EXPO GUATEMALA DISTRIBUIDORA AVE MARÍA S.A. FCE 00052-00000009	26001EC01047339Y	13/07/2026	 
26	GMCE	26-GMCE-001066		SOCIEDAD DE SAN PABLO	E00915-00000077 // E00915-0000078	26001EC01043568Y	26/06/2026	Exportación consolidada a Paraguay Tte Austral S.A. // a.hartrodt Argentina SA Cantidad de cajas: 24 cajas. Peso bruto: 584,22 kg. Peso neto: 564,22 kg. 
26	GMCE	26-GMCE-001059		GM CARGO SRL	EXPO PY CONMEBOL SUDAMERICANA FCE 00005-00000043	26001EC01045043E	02/07/2026	EXPO MEGATROPHY CONMEBEOL_LTL EN CONSOL GMC/AGROLOG
26	GMCE	26-GMCE-001057	 	ENERGY GROUP SRL	ENERGY GROUP FCE 0015-00001223 - 0015-00001225 - 0015-00001226	26012EC01003485K	19/06/2026	EXPO ENERGY GROUP - AGROPECUARIA ITABO // CLORINDA
26	GMCE	26-GMCE-001055		GM CARGO SRL	EXPO PY GM A ARTES Y ESTRUCTURA FCE 00005-00000042	26012EC01003360C	12/06/2026	 
26	GMCE	26-GMCE-001044		INGENIERIA AGREST SRL	EXPO CLORINDA MERCANTIL COMERCIAL 00101-00000066	26046EC01000393M	12/06/2026	 
26	GMCE	26-GMCE-001042		JMH SRL		26001EC01036010V	29/05/2026	 
26	GMCE	26-GMCE-001032		PANTOQUIMICA S.A.	EXPO PY NEO METAL SA FCE 00094-00000067	26001EC01035399R	27/05/2026	 
26	GMCE	26-GMCE-001031		LA LEY S.A.U.E. E I.	EXPO LIBROS LA LEY	26001EC01034920G	26/05/2026	 
26	GMCE	26-GMCE-001026		EDICIONES LEA S.A.	MR BOOK 0005-00000481	26001EC01033094H	19/05/2026	MR BOOK 0005-00000481
26	GMCE	26-GMCE-001025		CRUX MARINE SAS 	CRUX UY 00004-00000049	26012EC01003361D	12/06/2026	 
26	GMCE	26-GMCE-001024		EDICIONES LEA S.A.	Pengüin Random House Grupo Editorial S.A. 0005-00000480	26001EC01031764J	14/05/2026	 
26	GMCE	26-GMCE-001023		SAUVE SA	INTERBARGE PARAGUAY / URUGUAY SRL 0011-00000514	26001EC01032166G	15/05/2026	 
26	GMCE	26-GMCE-001007		STORAGE DESIGN SRL	BORGARO SA 00099-00000049	26001EC01024072D	15/04/2026	 
26	GMCE	26-GMCE-001006		CULTURAL LIBRERA AMERICANA S.A.	CULTURAL - ARQUETIPO FE 0003-00000073	26001EC01023770H	14/04/2026	EC01 BS. AS. / UY GUALEGUAYCHÚ Tte Rolando SA CULTURAL - ARQUETIPO FE 0003-00000073 7BULTOS  Peso Bruto 4690,38 Kg, Canal Naranja.
26	GMCE	26-GMCE-000994		MERCO - GLASS SRL	EXPO FINEZA SA 00003-00000227	26001EC01022039E	07/04/2026	EC01 BS. AS. / PY CLORINDA MERCO GLASS SRL
26	GMCE	26-GMCE-000989		LA LEY S.A.U.E. E I.	EXPO LIBROS LA LEY 0166-00008059	26001EC01020581E	30/03/2026	EC01 BS.AS. / PY CLORINDA LA LEY
26	GMCE	26-GMCE-000988		CRUX MARINE SAS 	EXPO A URUGUAY LOTE 3 FCE: 47	26026EC01002200W	12/05/2026	EXPORT TERRESTRE FTL X 2 CAMIONES
26	GMCE	26-GMCE-000986		EDICIONES LEA S.A.	EXPO PENGUIN RANDOM HOUSE 0005-00000476	26001EC01020093C	27/03/2026	 
26	GMCE	26-GMCE-000982		CULTURAL LIBRERA AMERICANA S.A.	ARQUETIPO EXPO UY	26001EC01017439M	17/03/2026	Exportación a Arquetipo según Factura E 00003-00000072  Se envían 4 bultos peso 3601,91 Kg,
26	GMCE	26-GMCE-000978		DRP AUTOMATIZACIÓN SA	EXPO PY BLUE DESIGN MÁQUINA	26001EC01016266J	12/03/2026	 
26	GMCE	26-GMCE-000977		SOCIEDAD DE SAN PABLO	EXPO CHILE	26073EC01006257R	13/03/2026	EXPO CHILE
26	GMCE	26-GMCE-000969	 	CRUX MARINE SAS 	CARP_LOTE1_FCE4-43	26026EC01001101V	11/03/2026	EXPORT TERRESTRE A URUGUAY FTLx2 CAMIONES_FC UY A104
26	GMCE	26-GMCE-000968		CRUX MARINE SAS 	CARP_LOTE2_FCE4-44	26026EC01001140B	13/03/2026	EXPORT TERRESTRE A URUGUAY FTLx2 CAMIONES_FC UY A105
26	GMCE	26-GMCE-000949		EDICIONES LEA S.A.	expo a Ecuador	26001EC01006354G	29/01/2026	expo a Ecuador
26	GMCE	26-GMCE-000908		MEDINA CARLOS ESTEBAN	EXPO CALDERA ISG SA FCE 00008-00000003	26012EC01004082E	03/08/2026	EXPORTACION TERRESTRE A PARAGUAY
25	GMCE	25-GMCE-000915		ACG AIRE SRL	ESPACIO FRIO SA 00006-00000105	26001EC01000673E	06/01/2026	 
25	GMCE	25-GMCE-000894		CRUX MARINE SAS 	00004-00000042	25001EC01083914M	10/12/2025	EXPORT TERRESTRE CONSOLIDADO BUE/ASU GM CARGO
25	GMCE	25-GMCE-000878		ARGUL Y CIA SA	0005-00002482	25001EC01080384K	27/11/2025	 
25	GMCE	25-GMCE-000870		ENERGY CONTROL SRL	00003-00000246	25001EC01079931Z	26/11/2025	 
25	GMCE	25-GMCE-000862		LUMINIAS SRL	00100-00000009	25073EC01027798G	13/11/2025	 
25	GMCE	25-GMCE-000854		ASOCIACION HIJAS DE SAN PABLO	00061-00000130	25073EC01027117Y	07/11/2025	 
25	GMCE	25-GMCE-000845		EDICIONES LOGOS 	FE 00008-00000420	25001EC01076346N	11/11/2025	 
25	GMCE	25-GMCE-000843	 	FARMATRADE SRL	00003-00000482	25001EC01070863L	21/10/2025	 
25	GMCE	25-GMCE-000842		DOMINGUEZ LAB	24092025	25073EC01025501J	22/10/2025	 
25	GMCE	25-GMCE-000835		CASANO GRAFICA SA	00003-00000035	25001EC01068499A	13/10/2025	 
25	GMCE	25-GMCE-000831		ASOCIACION CASA EDITORA SUDAMERICAN	00009-00005833	25001EC03011059F	13/10/2025	ENVÍO A PERÚ: ASOCIACION SERVICIO EDUCACIONAL HOGAR Y SALUD 45 PALLETS ; 2 CAMIONES; 3043 CAJAS. Depósito Fiscal Mruchison.  
25	GMCE	25-GMCE-000828		ASOCIACION CASA EDITORA SUDAMERICAN	00009-00005827	25001EC03010790G	06/10/2025	00009-00005827 Asociación Servicio Educacional Hogar y Salud. EXPORTACION A PERU. 18 pallets .Depósito Fiscal Murchison.
25	GMCE	25-GMCE-000820		TECNIFARM SRL		25012EC01005561G	02/10/2025	 
25	GMCE	25-GMCE-000809	 	HEAT TRACE ARGENTINA S.A.	FCE-4-098 NELSON ORLANDO HERMIDA SA	25001EC01065729Z	30/09/2025	EXPORTACIÓN TERRESTRE LTL TRANSPORTE TIEMPO NUEVO
25	GMCE	25-GMCE-000770		CRUX MARINE SAS 	FCE-4-39 ARTE Y ESTRUCTURA SA	25001EC01057079P	27/08/2025	EXPO TERRESTRE CONSOLIDADA BUE/ASU. TTE GMCARGO
25	GMCE	25-GMCE-000757		CRUX MARINE SAS 	FCE-4-38 ARTE Y ESTRUCTURA SA	25012EC01004925J	14/08/2025	EXPO FTL A PARAGUAY
25	GMCE	25-GMCE-000753		CIRIGLIANO SA	FCE-13-2 FADIMAX SA (UY)	25001EC01054615X	19/08/2025	EXPO EXW JUNIN/ DEFIBA LTL TTE TIEMPO NUEVO
25	GMCE	25-GMCE-000752		A Z EDITORA S.A.	E-998-144 BOOKSHOP SA	25001EC01052867P	11/08/2025	Consolidado Logística Lerol  LOGENPOL  (PACHECO PCIA DE BUENOS AIRES)  Exportación Bookshop S.A.Montevideo Uruguay
25	GMCE	25-GMCE-000737	 	CAVALIERI SA	E-00004-00000336	25001EC01048065K	23/07/2025	Expo- Paraguay. Camión_consolidado .
25	GMCE	25-GMCE-000729		ASOCIACION CASA EDITORA SUDAMERICAN	EXPO PARAGUAY_FCE-9-5793	25001EC01049146L	28/07/2025	EXPORTACION TERRESTRE CONSOLIDADA TTE: GM CARGO SRL
25	GMCE	25-GMCE-000715		COMPRIBAND SRL	FCE-56_METALURG VEGA	25001EC01040224W	24/06/2025	EXPO EXW CONSOLIDADO GMC A PARAGUAY_GMCL2440
25	GMCE	25-GMCE-000698		VUL TRACK SA	E 00006-00000022	25001EC01031168G	20/05/2025	Expo- Paraguay. Camión_consolidado  Carga viene desde Mar del Plata.
25	GMCE	25-GMCE-000692		CRUX MARINE SAS 	FCE-4-33_ARTE & ESTRUCTURA	25001EC01029879W	15/05/2025	EXPO A PARAGUAY_LTL TTE GM CARGO_FC CRUX UY: A102
25	GMCE	25-GMCE-000690		HEAT TRACE ARGENTINA S.A.	FCE-4-092_ALCOHOLES DEL URUGUAY SA	25001EC01029777T	15/05/2025	EXPORTACION TERRESTRE LTL TTE: TIEMPO NUEVO
25	GMCE	25-GMCE-000689	 	ARG DE GRAAF S.A.		25001EC01029215G	13/05/2025	CAMION COMPLETO AGRO LOGISTICA  BIMBO DE PARAGUAY SA Son Pallets de Pasta de Mani. CROP 2024
25	GMCE	25-GMCE-000681		CRUX MARINE SAS 	FCE-4-32_CRUX (UY) INV: 101	25001EC01024842H	23/04/2025	EXPORT TERRESTRE A PARAGUAY_TTE: GM CARGO SRL
25	GMCE	25-GMCE-000680		INCALFOOD SRL	FCE-8-8_VERTEX SA (PARAGUAY)	25001EC01024761H	23/04/2025	EXPORTACION TERRESTRE A PARAGUAY_CONSOLIDADO_TTE: GM CARGO SRL
25	GMCE	25-GMCE-000674		WEISZ INSTRUMENTOS SA	FCE-6000-203	25001EC01021130R	08/04/2025	EXPORTACION A URUGUAY_TERRESTRE CONSOLIDADO_TTE. TIEMPO NUEVO
25	GMCE	25-GMCE-000663		GM CARGO SRL	ARENA DE SILICE x 87TONS	25046EC01000171F	04/04/2025	3 FTL SEMIS_ADUANA: POSADAS_TTE: GMC/ AGROLOGISTICA
25	GMCE	25-GMCE-000661		GM CARGO SRL	FCE-5-38_PERDRIEL AUTOCHAPA/ DARONIL	25001EC01016657M	18/03/2025	EXPORTACION LTL A URUGUAY_TTE ROLANDO
25	GMCE	25-GMCE-000655		CRUX MARINE SAS 	EXPO AEROMARINE_CRUX UY INV. A	25001EC01015491H	13/03/2025	EXPORTACION TERRESTRE AR/UY VIA CARLOS PATRON
25	GMCE	25-GMCE-000650	 	A Z EDITORA S.A.	BOOKS del Sur LLC	25073EC01004671Y	26/02/2025	Expo aèrea Ezeiza.
25	GMCE	25-GMCE-000647		ACG AIRE SRL	EXPO EXW CONSOL A PY	25001EC01015296K	13/03/2025	EXPORTADOR: ACG AIRE SRL_FCE100
25	GMCE	25-GMCE-000646		CRUX MARINE SAS 	EXPO EXW A PARAGUAY_FCE 28	25012EC01000968M	18/02/2025	VIA CRUX URUGUAY FC A15
24	GMCE	24-GMCE-000635		GM CARGO SRL	FCE-5-37_PLS_CONMEBOL	25012EC01000253W	17/01/2025	RETORNO FINAL CONMEBOL LIBERTADORES
24	GMCE	24-GMCE-000628		GENTECH ARGENTINA SA	FC-E-2-169_A: MUNDO FIT SA	24012EC01006135D	30/12/2024	EXPO FTL A PARAGUAY
24	GMCE	24-GMCE-000617		GM CARGO SRL	FCE-5-36_EXPO RETORNO CONMEBOL	24012EC01005722E	04/12/2024	RETORNO DE MERCADERIA EXPORTACION FINAL CONMEBOL LIBERTADORES
24	GMCE	24-GMCE-000606		CULTURAL LIBRERA AMERICANA S.A.	00003-00000068	24001EC01077166N	21/11/2024	Exportación consolidado Zona Franca Colonia, Uruguay. Tte. Rolando.
24	GMCE	24-GMCE-000601		GM CARGO SRL	FCE-5-35	24046EC01000590J	25/11/2024	ARENAS DE SILICE X 2 SEMIS/ CARRETAS_FABRICANTE: GRAVAS DEL PARANA SA.
24	GMCE	24-GMCE-000599		DOSICOLOR S.A.	FE-0004-00000179 & 180	24001EC01073248K	05/11/2024	EXPORTACION TERRESTRE A PARAGUAY CONSOLIDADO GM CARGO SRL
24	GMCE	24-GMCE-000592		CRUX MARINE SAS 	HAWBCAE007012_DESTINO: MEXICO	24073EC01024552N	16/10/2024	EXPORTACION AEREA EXW_EXPORTADOR: CRUX MARINE_2PKGS, 374KGS
24	GMCE	24-GMCE-000588		CRUX MARINE SAS 	EXPO CARP CAMION 5/5_FCE:4-25	24026EC01004777S	27/11/2024	CRUX UY: A16_EXPO FTL CASTELAR/GUALEGUAYCHU/FRAY BENTOS/ CONCHILLAS_CRT: 026AR8958240102
24	GMCE	24-GMCE-000587		CRUX MARINE SAS 	EXPO CARP CAMION 4/5_FCE:4-24	24026EC01004544K	13/11/2024	CRUX UY: A15_EXPO FTL CASTELAR/GUALEGUAYCHU/FRAY BENTOS/ CONCHILLAS_CRT: 026AR8958240101
24	GMCE	24-GMCE-000586		CRUX MARINE SAS 	EXPO CARP CAMION 3/5_FCE:4-23	24026EC01004236X	24/10/2024	CRUX UY: A14_EXPO FTL CASTELAR/GUALEGUAYCHU/FRAY BENTOS/ CONCHILLAS_CRT: 026AR8958240100
24	GMCE	24-GMCE-000585		CRUX MARINE SAS 	EXPO CARP CAMION 2/5_FCE:4-22	24026EC01004153G	18/10/2024	CRUX UY: A13_EXPO FTL CASTELAR/GUALEGUAYCHU/FRAY BENTOS/ CONCHILLAS_CRT: 026AR8958240099
24	GMCE	24-GMCE-000584		FARMATRADE SRL	00003-00000442	24001EC01064900F	01/10/2024	TAMBORES DE ACIETE DE SESAMO
24	GMCE	24-GMCE-000579		PEDREIRA GONZALO JAVIER	FCE-5-2_EXPO A PARAGUAY	24001EC01061085G	16/09/2024	EXPORTACION EXW DESTINO PARAGUAY_CONSOLIDADO TERRESTRE TRANSPORTE GM CARGO SRL_COMPRADOR: SELTZ SA
24	GMCE	24-GMCE-000576	 	DOSICOLOR S.A.	FE-0004-00000167 & 168	24001EC01059805N	10/09/2024	EXPORTACION TERRESTRE A PARAGUAY CONSOLIDADO GM CARGO SRL
24	GMCE	24-GMCE-000573		GENTECH ARGENTINA SA	FCE-2-154+155	24001EC01059775T	10/09/2024	EXPORTACION TERRETRE CONSOLIDADA DESTINO PARAGUAY_DESTINATARIO: MUNDO FIT SA
24	GMCE	24-GMCE-000572		CRUX MARINE SAS 	EXPO CARP CAMION 1/5_FCE:4-20	24026EC01003770K	24/09/2024	CRUX UY: A12_EXPO FTL CASTELAR/GUALEGUAYCHU/FRAY BENTOS/ CONCHILLAS
24	GMCE	24-GMCE-000569	 	EDICIONES LEA S.A.	FE-0005-0000462	24001EC01060295X	12/09/2024	Envìo consolidado Tiempo Nuevo (terrestre/camiòn) Distril Libros SAS En Formaciòn
24	GMCE	24-GMCE-000560		CRUX MARINE SAS 	FCE-00004-00000016_MEXICO	24073EC01018020G	02/08/2024	BALIZAS AUTOCONTENIDAS_EXPORTACION AEREA_DESTINO MEXICO_IMO
24	GMCE	24-GMCE-000556		EDICIONES LEA S.A.	0005-00000460	24001EC01050420U	02/08/2024	Exportación consolidado Uruguay  Logística Lerol BOOKSHOP S.A.
24	GMCE	24-GMCE-000549	 	A Z EDITORA S.A.	FE-00998-00000086	24001EC01047059L	19/07/2024	Envío Terrestre Logística Lerol  Bookshop S.A. Uruguay
24	GMCE	24-GMCE-000545		CRUX MARINE SAS 	FCE-00004-00000017_ECUADOR	24073EC01015955U	11/07/2024	EXPO AEREA DESTINO ECUADOR_LINTERNA MARINA_IMO (BATERIA ION LITIO)
24	GMCE	24-GMCE-000544		CRUX MARINE SAS 	FCE-0004-00000019 EXPO A URUGUAY	24026EC01002887S	29/07/2024	LINTERNAS + CONJUNTOS DE FONDEO. ENVIO TERRESTRE. DESTINO: MONTES DEL PLATA.
24	GMCE	24-GMCE-000540		GENTECH ARGENTINA SA	FCE-00002-00000130	24001EC01041532B	27/06/2024	EXPORTACION EXW A PARAGUAY_COMPRADOR: MUNDO FIT SA
24	GMCE	24-GMCE-000538		ECFA SRL	FCE-00002-00000129	24001EC01041027A	26/06/2024	EXPO EXW CONSOL GMC TERRESTRE TO PARAGUAY
24	GMCE	24-GMCE-000533		WPG SRL	FcE-00002-00000054	24001EC01035064E	30/05/2024	Exportacion consolidada GM CARGO / AGROLOGISTICA  Consolidado fecha de salida 31/05/2024. EXPORTACION EXW TERRESTRE AR/PY_CONSOLIDADO GMC
24	GMCE	24-GMCE-000530		EDICIONES LEA S.A.	FACT.EXP 0005-00000459	24001EC01033513B	23/05/2024	Envío consolidado marìtimo Quito Ecuador,. Consolidador TALWIN Sale Terrestre camiòn de FCI Transportadora  Aduana de salida Mendoza  Medio: camión Nombre de transporte: camión Bandera: indeterminada Aduana de salida: Mendoza A.T.A.:  FCI TRANSPOR
24	GMCE	24-GMCE-000521	 	COLORCON SA	FCE_3_531_INDUFAR	24001EC01023982K	16/04/2024	EXPORTACION EXW TERRESTRE AR/PY_CONSOLIDADO GMC
24	GMCE	24-GMCE-000512		MAZDEN SRL	00003-00000060	24001EC01019797T	26/03/2024	EXPO PY
24	GMCE	24-GMCE-000506		EXO SA		24001EC01014217B	04/03/2024	EXPORTACIO A PY TEFASA 1
24	GMCE	24-GMCE-000502		KIMS SRL		24001EC01011428C	21/02/2024	EXPO PY CARGA SUELTA TEFASA I
24	GMCE	24-GMCE-000490		ENERGY CONTROL SRL	FCE-3-242 EXPO EXW A PY	24001EC01001481A	08/01/2024	EXPORTACION EXW CONSOLIDADO GMCARGO A PY. DEST.: SPECTRUM TECH SA
23	GMCE	23-GMCE-000483		GM CARGO SRL	FILTROS PICBORG/ CAYAK NOV 2023	23001EC01077125H	22/11/2023	Expo 00005-00000034 Uruguay
23	GMCE	23-GMCE-000473		MAZDEN SRL	00003-00000059	23001EC01071819L	30/10/2023	EXPO PY AUTOCLAVE CONSOLIDADO
23	GMCE	23-GMCE-000466		GRUPO H S.A.S.	FC-E-00008-00000027 A PARAGUAY	23001EC01070184F	23/10/2023	EXPORTACION TERRESTRE CONSOLIDADA DESTINO PARAGUAY_COMPRADOR: AMEX TRADE COM.EXP.LTDA.
23	GMCE	23-GMCE-000465	 	ID GROUP	EXPO EXW PY cnee/ SEGEL LOG	23001EC01059725N	08/09/2023	FC 00006-00000368 FC 00006-00000375
23	GMCE	23-GMCE-000464		MARTIN EDUARDO		23001EC01060216A	12/09/2023	TANQUE FC 00004-00000001
23	GMCE	23-GMCE-000447		CRUX MARINE SAS 	LINTERNAS CARP	23001EC01056908N	29/08/2023	EXPORTACION 102 LINTERNAS DESTINATARIO: CARP
23	GMCE	23-GMCE-000445		CULTURAL LIBRERA AMERICANA S.A.	EXPO DEST. URUGUAY FC-E-3-66	23001EC01063494L	25/09/2023	DEST. ARQUETIPO GRUPO EDITORIAL_TERRESTRE_ROLANDO_DEST: ZONA FRANCA COLONIA
23	GMCE	23-GMCE-000443		CRUX MARINE SAS 	EXPO BOYA CMBP3000 - FCE.14	23001EC01049364L	28/07/2023	DESTINO URUGUAY
23	GMCE	23-GMCE-000442		OMNITRACS SA	FCE-0005-00001335	23001EC01048241E	26/07/2023	EXPO EXW CNEE/ CARGILL AGROPEC. - CONSOLIDADO GMC/AGROLOG-PY
23	GMCE	23-GMCE-000441		A Z EDITORA S.A.	0098-00000068	23001EC01048070E	25/07/2023	Exportaciòn terrestre a URU / TTE LEROL Destinarario: BOOKSHOP S.A.
23	GMCE	23-GMCE-000439	 	LEDARGSA S.A.	FCE-3-12 - EXPO A CHILE	23001EC01049017G	27/07/2023	DESTINATARIO LEXUS EDITORES CHILE COMPRADOR CNP INVESTMENTS
23	GMCE	23-GMCE-000434		CRUX MARINE SAS 	FCE.10 EXPO BOYAS CAMION 4/4	23001EC01044564X	11/07/2023	EXPORTACION (FINAL) A URUGUAY X 3 BOYAS CMBP2200 DE 15 (TOTAL)
23	GMCE	23-GMCE-000433		CRUX MARINE SAS 	FCE.9 EXPO BOYAS CAMION 3/4	23001EC01044555X	11/07/2023	EXPORTACION A URUGUAY X 4 BOYAS CMBP2200 DE 15 (TOTAL)
23	GMCE	23-GMCE-000432		CRUX MARINE SAS 	FCE.8 EXPO BOYAS CAMION 2/4	23001EC01044545H	11/07/2023	EXPORTACION A URUGUAY X 4 BOYAS CMBP2200 DE 15 (TOTAL)
23	GMCE	23-GMCE-000431		CRUX MARINE SAS 	FCE.7 - EXPO BOYAS CAMION 1/4	23001EC01043258H	05/07/2023	EXPORTACION A URUGUAY X 4 BOYAS CMBP2200 DE 15 (TOTAL)
23	GMCE	23-GMCE-000426		CRUX MARINE SAS 	EXPO BALIZAS ANP-FCE # 6	23001EC01035268J	01/06/2023	EXPO CONSOL. TERRESTRE DEST. URUGUAY - CRUX MARINE UY+AEROMARINE UY
23	GMCE	23-GMCE-000420		GMI INTERNATIONAL SA	EXPO PARAGUAY LTL	23001EC01031763F	17/05/2023	COMPRADOR UABL PARAGUAY S.A.
23	GMCE	23-GMCE-000398		CYPRES SA	OPEN BOOK HOUSE SAC	23073EC01004137J	27/02/2023	 
22	GMCE	22-GMCE-000369		A Z EDITORA S.A.	BOOKS SHOP 00998-00000053	22001EC01089860P	15/12/2022	 
22	GMCE	22-GMCE-000344		GM CARGO SRL	CAYAK EXPO 02 2022	22073EC01022954P	23/09/2022	ORDEN SETIEMBRE 2022 PROVEEDORES LOCAL PURIFICADORES ARGETINOS
22	GMCE	22-GMCE-000308		A Z EDITORA S.A.	AZ Editora - despacho Uruguay	22001EC01051197H	11/07/2022	 
22	GMCE	22-GMCE-000254		GM CARGO SRL	CAYAK 2022	22073EC01003616J	16/02/2022	 
22	GMCE	22-GMCE-000003		CYPRES SA	LATINBOOKS	22001EC01002662A	12/01/2022	 
21	GMCE	21-GMCE-000151		IBOX S.A.	SERVIENTREGA  INTERNATIONAL Inc.	21073EC01015594Z	07/07/2021	EXPO AEREA IBOX FC-E-00005-00000055
21	GMCE	21-GMCE-000122		IBOX S.A.	FCE 00005-00000053	21001EC01023716C	05/04/2021	 
20	GMCE	20-GMCE-000074		TIXIU S.A.	TIXIU S.A._00002-0000016_EXPO A ECUADOR	20001EC01068247J	07/10/2020	PBHI485_EXPO A ECUADOR_TIXIU S.A.
20	GMCE	20-GMCE-000073		GM CARGO SRL	FC-E-00005-00000031	20001EC01XXXXXXX	01/10/2020	EXPORTACION ELEMENTOS FILTRANTES, FABRICANTE PICBORG.
20	GMCE	20-GMCE-000071		CYPRES SA	EDINUN CIA LTDA FCE: 00005-00000125	20001EC01068301A	08/10/2020	 
20	GMCE	20-GMCE-000070		GM CARGO SRL	CAYAK 87 SRL	20073EC01018976W	07/10/2020	EXPO AEREA PICBORG (AR)/GMC/CAYAK (UY)
20	GMCE	20-GMCE-000062		CYPRES SA	LATINBOOKS INTERNATIONAL S.A. FCE 00005-00000124	20001EC01059183X	04/09/2020	 
20	GMCE	20-GMCE-000018		CYPRES SA	FCE00005-00000111_EDITORIAL OPEN BOOK	20073EC01005659Z	05/03/2020	EXPORTACION AEREA A LIMA.
19	GMCE	19-GMCE-000069		CYPRES SA	LATINBOOKS INTERNATIONAL SA	19001EC01094568W	30/12/2019	 
19	GMCE	19-GMCE-000063		CYPRES SA	Exportacion Editorial Hperlibros S.A. de C.V. 00005-00000089	19073EC01033271P	04/12/2019	Exportación  Aérea Mexico
19	GMCE	19-GMCE-000025		CYPRES SA	Comercial Prismar S.A.	19073EC01020150H	31/07/2019	FCE-00005-00000070
19	GMCE	19-GMCE-000015		CYPRES SA	LATINBOOKS INT FCE0005-0000065	19001EC01036739S	03/06/2019	 
19	GMCE	19-GMCE-000009		LEDARGSA S.A.	EXPORTACION #1 DEL 2019	19001EC01023047G	09/04/2019	EXPORTACION A PARAGUAY // ATLAS REPRESENTACIONES S.A.
18	GMCE	18-GMCE-000100		CYPRES SA	FCE 00005-00000043	18073EC01036345T	12/12/2018	ALCALA DIAZ SUMINISTROS AUTODIDACTICOS S.A.
18	GMCE	18-GMCE-000089		CYPRES SA	LYBER E-BOOKS FCE:0005-00000037	18073EC01031793V	05/11/2018	 
18	GMCE	18-GMCE-000084		LEDARGSA S.A.	INV#003-00000006	18001EC01070310A	02/10/2018	EXPORTACION 01/2018 // PARAGUAY
18	GMCE	18-GMCE-000071		CYPRES SA	LATINBOOKS INTERNATIONAL SA FCE 0005-00000036	18001EC01061394M	29/08/2018	EXPO 3 Latinbooks - Uruguay
18	GMCE	18-GMCE-000069		CYPRES SA	EDUCARIA ZIG ZAG FCE 0005-00000035	18001EC01061160D	28/08/2018	EXPO 2 EDUCARIA ZIG ZAG
18	GMCE	18-GMCE-000067		CYPRES SA	EDISA FCE 0005-00000034	18073EC01023745T	28/08/2018	EXPORTACION A COSTA RICA
18	GMCE	18-GMCE-000010		GM CARGO SRL	ELROW CANCELACION	18001EC02000072W	22/01/2018	CANCELACION DE IMPORTACION TEMPORAL_ELROW 2018 MAR DEL PLATA
18	GMCE	18-GMCE-000002		CYPRES SA	EDUVISION S.A. FCE0005-00000033	18073EC01000524J	08/01/2018	COSTA RICA  FCB 0002-126
17	GMCE	17-GMCE-000150		CYPRES SA	EDUCARIA ZIG ZAG FCE 0005-00000032	17073EC01032985B	10/11/2017	 
17	GMCE	17-GMCE-000144		LEDARGSA S.A.	FCE#0003-00000002	17001EC01072023C	23/10/2017	EXPORTACION TERRESTRE_DEST.: EDIT. HISPANOAMERICANA SRL_URUGUAY
17	GMCE	17-GMCE-000136		SCAME ARGENTINA S.A.	FCE#0004-00000002	17073EC01028781A	09/10/2017	EXPORTACION AEREA 01//MOLDE //dest: SCAME PARRE SPA_ITALIA
17	GMCE	17-GMCE-000135		CYPRES SA	LATINBOOKS INT FCE 0005-00000031	17001EC01068704N	09/10/2017	 
17	GMCE	17-GMCE-000134		LEDARGSA S.A.	FCE#0003-00000001	17001EC01067557S	03/10/2017	EXPORTACION TERRESTRE_DEST.: LEXUS EDITORES DE CHILE SA_CHILE
17	GMCE	17-GMCE-000107		CYPRES SA	EDISA # FCE 0005-00000029	17073EC01022952R	16/08/2017	EXPO A COSTA RICA
17	GMCE	17-GMCE-000069		DRYL S.A.	RODESOL FCE 0002-00000378	17001EC01034661X	26/05/2017	 
17	GMCE	17-GMCE-000054		DRYL S.A.	FCE 0002-00000357 (RODESOL)	17001EC01029064J	05/05/2017	EXPO. TERRESTRE LTL_DEST.: URUGUAY
17	GMCE	17-GMCE-000048		DRYL S.A.	FCE 0002-00000355 (RODESOL S.A.)	17001EC01025900E	21/04/2017	EXPO. TERRESTRE LTL_DEST.: URUGUAY
17	GMCE	17-GMCE-000030		DRYL S.A.	FCE 0002-00000348 (RODESOL S.A.)	17001EC01017391J	16/03/2017	EXPO. TERRESTRE LTL_DEST.: URUGUAY
17	GMCE	17-GMCE-000023		DRYL S.A.	FCE_0002-00000321	17001EC01012632C	22/02/2017	EXPO LTL A URUGUAY. DEST/RODESOL S.A.
16	GMCE	16-GMCE-000052		CYPRES SA	FCE 0005-00000027	17001EC01000457E	03/01/2017	 
16	GMCE	16-GMCE-000049		EDITORIAL ARTEMISA S.A.	FCE 0003-00000105	17001EC01001419D	06/01/2017	EXPO. TERRESTRE A CHILE. dest/ EDIT. ZIG ZAG
16	GMCE	16-GMCE-000029		EDITORIAL ARTEMISA S.A.	FCE#000300000104 dest/GUSSI LIBROS	16001EC01056942N	09/12/2016	EXPO. TERRESTRE DEST.: URUGUAY
16	GMCE	16-GMCE-000006		DRYL S.A.	FE 0002-00000303	16001EC01050921E	14/11/2016	EXPORTACION A URUGUAY, CNEE/ RODESOL S.A.
16	GMCE	16-GMCE-000004		DRYL S.A.	FCE000200000302	16073EC01033424M	14/11/2016	DEST: XYZ EDITORA SA/ SANTIAGO DE CHILE, CHILE